"","edad","educ","empleo","direccion","ingresos","deudaingr","deudacred","deudaotro","impago"
"1",41,"Superiores iniciados",17,12,176,9.3,11.359392,5.008608,"Sí"
"2",27,"No completó el bachillerato",10,6,31,17.3,1.362202,4.000798,"No"
"3",40,NA,NA,14,55,5.5,0.856075,2.168925,"No"
"4",NA,"No completó el bachillerato",15,14,120,2.9,2.65872,0.82128,"No"
"5",24,"Título de Bachiller",2,0,28,NA,1.787436,3.056564,"Sí"
"6",41,"Título de Bachiller",5,NA,25,10.2,0.3927,2.1573,"No"
"7",39,"No completó el bachillerato",NA,9,67,30.6,3.833874,16.668126,"No"
"8",43,"No completó el bachillerato",12,11,38,3.6,0.128592,1.239408,"No"
"9",24,"No completó el bachillerato",3,4,19,24.4,1.358348,NA,"Sí"
"10",36,"No completó el bachillerato",0,13,25,19.7,2.7777,2.1473,"No"
"11",27,NA,0,1,16,1.7,0.182512,0.089488,"No"
"12",NA,"No completó el bachillerato",NA,0,23,NA,0.252356,0.943644,"No"
"13",52,"No completó el bachillerato",24,14,64,10,3.9296,2.4704,"No"
"14",37,"No completó el bachillerato",6,9,29,16.3,1.715901,3.011099,"No"
"15",48,"No completó el bachillerato",NA,15,100,9.1,3.7037,NA,"No"
"16",36,"Título de Bachiller",9,6,49,8.6,0.817516,3.396484,"Sí"
"17",36,"Título de Bachiller",13,6,41,NA,2.918216,3.805784,"Sí"
"18",43,"No completó el bachillerato",23,19,72,NA,1.181952,4.290048,"No"
"19",39,NA,NA,9,61,5.7,0.563274,NA,"No"
"20",41,"Superiores iniciados",0,21,26,1.7,0.099008,0.342992,"No"
"21",39,"No completó el bachillerato",22,3,52,3.2,1.154816,0.509184,"No"
"22",47,"No completó el bachillerato",17,NA,NA,5.6,0.587552,1.820448,"No"
"23",28,"No completó el bachillerato",3,6,26,10,0.4316,NA,"No"
"24",29,"No completó el bachillerato",8,6,27,9.8,0.402192,2.243808,"No"
"25",21,NA,1,2,16,18,0.24192,2.63808,"Sí"
"26",25,"Título Superior",0,2,32,17.6,2.14016,3.49184,"No"
"27",45,"Título de Bachiller",9,26,69,6.7,0.707319,3.915681,"No"
"28",NA,NA,25,NA,64,NA,0.951232,9.736768,"No"
"29",33,"Título de Bachiller",12,NA,58,18.4,3.084208,7.587792,"No"
"30",26,"Superiores iniciados",2,1,37,14.2,0.204906,5.049094,"No"
"31",45,"No completó el bachillerato",NA,15,20,2.1,0.105,0.315,"No"
"32",30,"No completó el bachillerato",1,10,22,10.5,1.13883,1.17117,"No"
"33",NA,"Superiores iniciados",2,7,26,6,0.72228,0.83772,"No"
"34",25,"No completó el bachillerato",8,4,27,14.4,1.018656,2.869344,"No"
"35",25,"No completó el bachillerato",8,1,35,2.9,0.07714,0.93786,"No"
"36",26,"Título de Bachiller",6,7,45,26,NA,5.6511,"No"
"37",30,NA,10,4,NA,16.1,NA,2.132284,"No"
"38",32,"Título de Bachiller",12,1,NA,14.4,NA,4.580064,"No"
"39",28,"Título de Bachiller",1,NA,24,17.1,1.337904,2.766096,"Sí"
"40",NA,"No completó el bachillerato",23,5,50,4.2,0.5586,1.5414,"No"
"41",23,"No completó el bachillerato",7,2,31,6.6,0.33759,1.70841,"No"
"42",34,"No completó el bachillerato",17,3,59,NA,NA,2.91224,"No"
"43",42,"Título de Bachiller",7,23,41,4.6,0.941114,0.944886,"No"
"44",39,"No completó el bachillerato",19,NA,48,13.1,1.930416,4.357584,"No"
"45",26,"No completó el bachillerato",0,0,14,NA,0.3024,0.7476,"Sí"
"46",21,NA,0,NA,16,NA,0.150144,0.937856,"No"
"47",35,"No completó el bachillerato",13,15,35,4.5,0.43155,1.14345,"No"
"48",47,"No completó el bachillerato",4,2,NA,10.4,NA,2.58232,"No"
"49",23,"Título de Bachiller",0,2,21,11.4,0.775656,1.618344,"Sí"
"50",35,"No completó el bachillerato",18,2,42,7.4,0.205128,2.902872,"No"
"51",NA,"No completó el bachillerato",NA,11,25,12.6,NA,2.5767,"Sí"
"52",46,"No completó el bachillerato",1,12,20,NA,0.8092,1.9908,"No"
"53",46,"No completó el bachillerato",16,18,52,12.9,3.032016,3.675984,"Sí"
"54",38,"Superiores iniciados",3,18,25,3.7,0.311725,0.613275,"No"
"55",40,"Título de Bachiller",3,2,28,9.5,0.55328,NA,"No"
"56",37,"No completó el bachillerato",1,3,24,15.1,1.801128,1.822872,"Sí"
"57",35,"No completó el bachillerato",NA,1,34,5,0.3978,1.3022,"No"
"58",39,"Título de Bachiller",16,13,69,2.4,1.061496,0.594504,"No"
"59",NA,"Superiores iniciados",18,6,100,2.5,1.485,1.015,"No"
"60",NA,"Superiores iniciados",NA,20,80,12.2,2.47904,7.28096,"No"
"61",31,"No completó el bachillerato",9,10,28,2.4,0.047712,0.624288,"No"
"62",29,"No completó el bachillerato",13,1,42,7.4,1.457652,1.650348,"Sí"
"63",37,NA,4,0,23,12.4,0.86986,1.98214,"No"
"64",33,"Título de Bachiller",4,9,55,7,2.15985,1.69015,"No"
"65",26,"Título de Bachiller",5,7,28,7.8,1.024296,1.159704,"No"
"66",32,"Título de Bachiller",11,6,75,23.3,7.7589,9.7161,"Sí"
"67",28,NA,NA,3,23,6.4,0.186944,1.285056,"Sí"
"68",39,"No completó el bachillerato",19,8,46,9.1,2.515786,1.670214,"No"
"69",28,"Título de Bachiller",8,3,31,NA,NA,1.049846,"Sí"
"70",29,"No completó el bachillerato",1,2,20,18.6,0.56916,3.15084,"Sí"
"71",NA,"Título de Bachiller",3,8,21,23.1,1.401939,3.449061,"No"
"72",28,"Título de Bachiller",5,9,34,23.8,NA,4.992764,"No"
"73",47,"No completó el bachillerato",26,21,100,12.8,4.5824,8.2176,"No"
"74",43,"Título Superior",1,5,NA,NA,1.518556,1.237444,"No"
"75",41,"No completó el bachillerato",13,10,44,1.7,0.07106,0.67694,"No"
"76",47,"No completó el bachillerato",13,25,51,23.8,3.738504,8.399496,"No"
"77",24,"No completó el bachillerato",2,1,NA,0.6,0.025074,NA,"No"
"78",29,"No completó el bachillerato",1,9,17,6.7,0.157182,0.981818,"No"
"79",33,"No completó el bachillerato",14,2,37,2.6,0.199134,NA,"No"
"80",36,"No completó el bachillerato",15,10,39,3.2,0.6864,0.5616,"No"
"81",26,NA,4,3,27,10.5,2.47212,0.36288,"Sí"
"82",31,"No completó el bachillerato",NA,12,45,17,2.7387,NA,"No"
"83",37,"No completó el bachillerato",NA,3,32,19.6,2.69696,3.57504,"No"
"84",35,"Título Superior",4,16,29,11,1.84382,1.34618,"No"
"85",26,"No completó el bachillerato",4,3,NA,NA,0.3186,0.7614,"No"
"86",40,"No completó el bachillerato",10,15,45,18.8,2.01348,6.44652,"No"
"87",29,"Título de Bachiller",5,4,36,12.4,3.490848,0.973152,"Sí"
"88",NA,NA,NA,17,29,24.6,1.405398,5.728602,"No"
"89",32,"No completó el bachillerato",12,NA,NA,2.9,0.116116,0.695884,"No"
"90",23,"Título de Bachiller",0,1,17,27.7,2.043706,2.665294,"Sí"
"91",32,"No completó el bachillerato",3,10,23,6.2,0.052762,1.373238,"No"
"92",25,"No completó el bachillerato",1,NA,15,11.4,0.37107,1.33893,"Sí"
"93",38,"No completó el bachillerato",5,5,54,10.6,1.499688,4.224312,"No"
"94",NA,"Título de Bachiller",0,6,18,5.8,0.296496,0.747504,"Sí"
"95",41,"Superiores iniciados",NA,0,15,26.3,1.960665,1.984335,"Sí"
"96",36,NA,17,6,54,4.4,0.727056,1.648944,"No"
"97",42,"Superiores iniciados",13,0,82,NA,1.315116,1.390884,"No"
"98",41,"No completó el bachillerato",14,8,52,7.3,0.926224,2.869776,"No"
"99",29,"Título de Bachiller",NA,9,19,6.3,0.681093,0.515907,"No"
"100",38,"Superiores iniciados",4,6,31,9.3,1.331946,1.551054,"Sí"
"101",39,"No completó el bachillerato",22,9,113,2.6,0.987168,1.950832,"No"
"102",36,"No completó el bachillerato",6,9,26,8.3,0.030212,2.127788,"No"
"103",33,"No completó el bachillerato",8,7,27,5.8,0.776736,NA,"No"
"104",42,"Título de Bachiller",21,NA,121,3.1,1.365364,2.385636,"No"
"105",41,"Título de Bachiller",22,17,75,23.6,NA,7.8234,"No"
"106",40,"No completó el bachillerato",8,17,28,3.6,0.53424,0.47376,"No"
"107",53,"No completó el bachillerato",9,18,50,11.2,2.016,3.584,"Sí"
"108",28,"No completó el bachillerato",NA,7,26,13.5,NA,2.21481,"No"
"109",36,NA,12,13,60,7.9,1.72062,NA,"No"
"110",34,"Título de Bachiller",9,13,45,10.1,NA,3.42693,"No"
"111",45,"Superiores iniciados",2,5,39,4.9,0.45864,1.45236,"No"
"112",38,"No completó el bachillerato",NA,0,NA,8.9,0.266377,NA,"No"
"113",21,"Superiores iniciados",0,NA,24,7.7,0.833448,1.014552,"No"
"114",42,"No completó el bachillerato",12,11,51,21.4,NA,8.502006,"No"
"115",52,"No completó el bachillerato",16,25,64,8.6,1.865856,3.638144,"No"
"116",25,"Título de Bachiller",4,6,33,NA,0.552552,1.163448,"No"
"117",34,"Título de Bachiller",9,9,65,6.2,2.10769,1.92231,"No"
"118",40,"Título de Bachiller",15,16,73,3.4,1.032512,NA,"No"
"119",31,"Título de Bachiller",0,4,27,12.8,1.08864,2.36736,"Sí"
"120",25,"No completó el bachillerato",1,0,20,6.7,0.47168,0.86832,"Sí"
"121",45,"No completó el bachillerato",12,19,37,9.5,NA,2.17227,"No"
"122",23,"No completó el bachillerato",3,0,19,8.4,0.2793,1.3167,"Sí"
"123",34,NA,6,3,27,35.3,1.982448,7.548552,"Sí"
"124",31,"No completó el bachillerato",2,4,22,12.7,1.092454,1.701546,"Sí"
"125",28,"No completó el bachillerato",5,9,22,2.8,0.140448,0.475552,"No"
"126",NA,NA,7,11,43,4.4,NA,1.197636,"No"
"127",39,"Título de Bachiller",NA,2,68,13,1.0166,7.8234,"Sí"
"128",29,"Título de Bachiller",9,3,NA,1.4,0.127008,0.376992,"No"
"129",21,"No completó el bachillerato",5,1,25,9,0.36675,1.88325,"No"
"130",41,"Título de Bachiller",19,2,NA,5.8,1.506608,2.437392,"No"
"131",26,"Título Superior",NA,7,27,2.9,0.311634,0.471366,"No"
"132",NA,"No completó el bachillerato",5,10,18,12.9,0.984528,1.337472,"No"
"133",45,NA,NA,19,35,17.4,0.5481,5.5419,"No"
"134",39,"No completó el bachillerato",17,20,60,13.7,2.44956,5.77044,"No"
"135",24,"No completó el bachillerato",7,NA,21,6.3,0.519939,0.803061,"No"
"136",29,"Título de Bachiller",6,7,57,2.2,0.452694,0.801306,"No"
"137",27,"Título de Bachiller",1,0,23,12.4,0.2852,2.5668,"No"
"138",40,"No completó el bachillerato",NA,2,28,5.9,NA,0.687232,"No"
"139",29,"No completó el bachillerato",8,10,24,6.7,0.469536,1.138464,"No"
"140",29,"Título de Bachiller",4,NA,37,6.6,1.15995,1.28205,"Sí"
"141",24,"No completó el bachillerato",0,NA,16,16,1.00864,1.55136,"Sí"
"142",27,"No completó el bachillerato",9,6,45,17.8,NA,5.15844,"Sí"
"143",41,"Superiores iniciados",16,22,135,4.4,1.2771,4.6629,"No"
"144",31,NA,11,8,25,NA,0.14105,2.13395,"No"
"145",41,"No completó el bachillerato",NA,17,68,5.4,0.447984,3.224016,"No"
"146",42,"Título de Bachiller",5,3,41,3.4,0.35547,1.03853,"No"
"147",28,"Título Superior",1,3,26,12.4,0.377208,2.846792,"No"
"148",30,"Título Superior",2,NA,25,10,NA,0.73,"No"
"149",30,"No completó el bachillerato",11,1,NA,8.4,0.681912,2.090088,"No"
"150",31,"No completó el bachillerato",8,4,44,8,1.72128,1.79872,"No"
"151",45,"Título de Bachiller",15,14,51,18.1,NA,7.680192,"No"
"152",43,"No completó el bachillerato",NA,23,76,6.1,2.151104,2.484896,"Sí"
"153",36,"No completó el bachillerato",4,10,23,16.3,1.327146,2.421854,"No"
"154",28,"No completó el bachillerato",8,6,30,7.2,0.61344,1.54656,"No"
"155",27,"Título de Bachiller",3,5,33,13.2,NA,2.7225,"No"
"156",36,"Superiores iniciados",13,3,39,19.2,2.800512,4.687488,"No"
"157",NA,"No completó el bachillerato",12,11,32,NA,2.104512,1.511488,"No"
"158",54,"No completó el bachillerato",9,2,28,14.8,1.558144,2.585856,"Sí"
"159",33,"No completó el bachillerato",9,4,29,NA,1.348674,2.653326,"Sí"
"160",31,"No completó el bachillerato",9,5,NA,4.5,0.31005,0.85995,"No"
"161",21,"No completó el bachillerato",4,0,26,8.9,1.420796,0.893204,"No"
"162",28,"Superiores iniciados",5,9,44,8.7,0.773256,3.054744,"No"
"163",31,"Título de Bachiller",2,1,26,6.8,NA,1.48512,"Sí"
"164",NA,"No completó el bachillerato",8,6,26,4.1,0.326196,0.739804,"No"
"165",35,"Título de Bachiller",1,8,24,12.5,0.591,2.409,"Sí"
"166",40,"Título de Bachiller",13,11,102,18.9,6.226794,13.051206,"Sí"
"167",22,"No completó el bachillerato",4,2,24,15.6,1.636128,NA,"Sí"
"168",39,"No completó el bachillerato",4,9,38,6.5,1.17819,1.29181,"No"
"169",41,"Título Superior",14,3,44,1.7,0.353056,0.394944,"No"
"170",NA,"No completó el bachillerato",16,NA,79,4,1.73484,1.42516,"No"
"171",29,"No completó el bachillerato",7,9,22,9.7,0.550572,1.583428,"No"
"172",31,"No completó el bachillerato",4,NA,28,11.3,0.291088,2.872912,"No"
"173",NA,"No completó el bachillerato",1,0,20,4.8,0.31488,0.64512,"Sí"
"174",32,"No completó el bachillerato",14,7,73,8.8,NA,NA,"No"
"175",33,"No completó el bachillerato",6,14,21,7.5,NA,1.008,"No"
"176",26,"No completó el bachillerato",6,0,22,10.3,0.720588,1.545412,"No"
"177",21,"No completó el bachillerato",1,1,18,17.3,0.158814,2.955186,"No"
"178",28,"Título de Bachiller",NA,2,34,NA,0.35938,2.02062,"No"
"179",37,"No completó el bachillerato",13,5,24,8.9,0.602352,1.533648,"No"
"180",33,"Título de Bachiller",2,14,35,22.9,2.123975,5.891025,"Sí"
"181",39,"No completó el bachillerato",12,NA,46,5,0.5612,1.7388,"No"
"182",40,NA,8,19,57,5.6,0.8778,2.3142,"No"
"183",45,"Superiores iniciados",16,21,80,3,0.912,1.488,"No"
"184",27,"No completó el bachillerato",10,NA,NA,6.5,0.85085,NA,"No"
"185",28,"Título Superior",0,7,29,24.2,1.424654,5.593346,"No"
"186",39,"No completó el bachillerato",13,9,27,8,0.96552,1.19448,"No"
"187",40,"No completó el bachillerato",14,21,NA,15,NA,3.65715,"Sí"
"188",27,"No completó el bachillerato",11,8,56,NA,NA,NA,"No"
"189",36,"No completó el bachillerato",1,4,16,9.3,0.433008,1.054992,"No"
"190",55,"No completó el bachillerato",19,2,78,15.6,4.404816,7.763184,"No"
"191",27,"Título de Bachiller",4,3,22,13.2,NA,1.817904,"Sí"
"192",30,"No completó el bachillerato",1,8,17,11,0.74613,1.12387,"No"
"193",36,"No completó el bachillerato",10,0,28,11.2,0.81536,2.32064,"Sí"
"194",NA,"No completó el bachillerato",1,6,21,2.5,0.2772,0.2478,"Sí"
"195",33,"Título de Bachiller",NA,2,40,7.2,0.18144,NA,"No"
"196",30,"No completó el bachillerato",4,0,33,4.2,0.500346,0.885654,"No"
"197",24,"No completó el bachillerato",1,0,18,5.9,0.23895,0.82305,"Sí"
"198",33,"Título Superior",9,10,28,4.3,0.376852,0.827148,"No"
"199",50,"No completó el bachillerato",8,NA,47,6.9,0.398889,2.844111,"No"
"200",31,"Título de Bachiller",6,6,NA,NA,3.341184,4.050816,"Sí"
"201",NA,"No completó el bachillerato",3,7,19,4.1,0.260965,0.518035,"No"
"202",44,"Superiores iniciados",8,10,88,6.1,NA,5.083496,"Sí"
"203",48,"Título Superior",3,23,45,9.8,0.97461,3.43539,"No"
"204",36,"Título de Bachiller",0,17,30,9.7,0.32883,NA,"No"
"205",29,"Superiores iniciados",NA,1,63,5.5,0.571725,2.893275,"No"
"206",40,"Superiores iniciados",17,11,116,6,2.56128,4.39872,"No"
"207",33,NA,7,NA,26,NA,0.54288,1.01712,"No"
"208",26,"Título de Bachiller",6,6,30,1,0.1437,0.1563,"No"
"209",36,"No completó el bachillerato",14,11,81,7.2,1.784592,4.047408,"No"
"210",26,NA,6,NA,NA,1.9,0.085785,0.579215,"No"
"211",40,"Superiores iniciados",16,6,116,12.1,1.61414,12.42186,"No"
"212",NA,NA,NA,3,48,9,1.96992,2.35008,"Sí"
"213",29,"Superiores iniciados",1,10,30,4.5,0.27945,1.07055,"No"
"214",35,"Superiores iniciados",5,3,37,5.4,0.581418,1.416582,"Sí"
"215",34,"No completó el bachillerato",16,3,75,10.4,3.9546,3.8454,"No"
"216",NA,"Superiores iniciados",12,8,47,NA,1.300537,1.848463,"No"
"217",46,"No completó el bachillerato",14,25,35,10.2,1.34946,2.22054,"No"
"218",41,"Título de Bachiller",21,22,145,12.2,3.23727,NA,"No"
"219",27,"Título de Bachiller",7,8,30,4,0.4476,0.7524,"Sí"
"220",27,"Título Superior",0,6,70,8,1.6184,3.9816,"Sí"
"221",28,"No completó el bachillerato",11,6,24,2.4,0.107136,0.468864,"No"
"222",48,"Superiores iniciados",0,27,19,10.8,0.849528,1.202472,"No"
"223",48,NA,NA,NA,113,12,3.37644,10.18356,"No"
"224",29,"Superiores iniciados",5,6,70,19.9,3.17604,10.75396,"Sí"
"225",43,"Título de Bachiller",9,5,NA,20.4,4.0392,NA,"Sí"
"226",23,"No completó el bachillerato",5,2,17,7.9,0.302175,1.040825,"No"
"227",29,"Título de Bachiller",NA,8,44,18.1,3.70326,NA,"No"
"228",40,"Título Superior",5,6,75,1.9,0.884925,NA,"No"
"229",NA,"Título de Bachiller",0,3,20,5.6,0.2072,0.9128,"No"
"230",23,NA,7,3,22,14.4,0.849024,2.318976,"No"
"231",46,"Superiores iniciados",9,10,60,15.3,1.6065,7.5735,"No"
"232",55,"No completó el bachillerato",NA,11,40,NA,0.5632,2.6368,"Sí"
"233",38,"Título de Bachiller",8,16,38,0.6,0.029412,0.198588,"No"
"234",35,"Título de Bachiller",5,1,33,NA,NA,0.820512,"No"
"235",30,"No completó el bachillerato",11,9,27,0.9,0.073872,0.169128,"No"
"236",24,"No completó el bachillerato",7,0,18,6.5,0.5265,0.6435,"No"
"237",26,"Título de Bachiller",4,3,28,NA,0.2261,2.4339,"No"
"238",32,"Título de Bachiller",2,11,15,9.1,0.118755,1.246245,"Sí"
"239",37,"Título de Bachiller",11,4,75,3.5,0.632625,1.992375,"No"
"240",39,"No completó el bachillerato",6,NA,42,19.9,2.540832,NA,"Sí"
"241",30,NA,NA,4,21,18.3,0.491904,3.351096,"No"
"242",NA,"No completó el bachillerato",10,11,39,9.5,2.056275,1.648725,"No"
"243",32,"Título de Bachiller",7,10,32,4.3,0.43344,0.94256,"No"
"244",54,"Superiores iniciados",21,20,118,14.4,9.60048,NA,"No"
"245",27,"Superiores iniciados",3,4,NA,13.3,1.60132,3.05368,"No"
"246",31,"No completó el bachillerato",12,4,31,23.7,2.05716,5.28984,"No"
"247",39,"No completó el bachillerato",15,16,39,1.8,0.139698,0.562302,"No"
"248",31,"No completó el bachillerato",5,3,25,14.1,1.17735,2.34765,"No"
"249",35,"No completó el bachillerato",15,11,40,18.5,1.2136,6.1864,"No"
"250",35,"Título de Bachiller",10,NA,98,13.3,4.874716,8.159284,"No"
"251",46,NA,22,17,144,NA,3.324672,NA,"No"
"252",33,"No completó el bachillerato",13,3,52,21.3,2.71362,8.36238,"Sí"
"253",35,"Título de Bachiller",13,3,105,1.9,1.418445,0.576555,"No"
"254",35,"Título de Bachiller",1,1,NA,7.9,0.369957,1.289043,"No"
"255",38,"No completó el bachillerato",5,13,NA,9,0.44982,1.44018,"No"
"256",41,"No completó el bachillerato",19,1,96,7.8,2.253888,5.234112,"No"
"257",38,"No completó el bachillerato",18,19,44,4.5,0.60588,1.37412,"No"
"258",34,"Superiores iniciados",2,14,39,13.2,1.142856,4.005144,"No"
"259",NA,"Superiores iniciados",NA,25,82,4.4,2.604976,1.003024,"No"
"260",34,"Título de Bachiller",10,2,33,9.5,0.573705,2.561295,"No"
"261",47,"No completó el bachillerato",15,1,30,24.5,2.21235,5.13765,"No"
"262",34,"Título de Bachiller",8,6,78,5.4,2.156544,2.055456,"No"
"263",27,"Título de Bachiller",8,7,18,11.9,0.400554,1.741446,"No"
"264",52,"No completó el bachillerato",9,NA,24,19.2,0.801792,3.806208,"Sí"
"265",39,"No completó el bachillerato",NA,6,35,5,0.23275,1.51725,"No"
"266",33,"No completó el bachillerato",NA,0,22,6.4,0.630784,0.777216,"No"
"267",34,"No completó el bachillerato",0,1,NA,7.2,0.187488,1.324512,"No"
"268",31,"Superiores iniciados",9,7,59,NA,3.109654,5.504346,"Sí"
"269",28,"No completó el bachillerato",NA,NA,16,15.2,0.870656,NA,"No"
"270",39,"No completó el bachillerato",19,16,45,3.7,0.91575,0.74925,"No"
"271",51,"Título de Bachiller",22,23,120,7.6,NA,4.97952,"No"
"272",22,"No completó el bachillerato",4,NA,16,1.2,0.08448,0.10752,"No"
"273",27,"Superiores iniciados",6,4,26,10.4,0.930176,1.773824,"No"
"274",NA,"No completó el bachillerato",16,10,38,21,0.69426,NA,"No"
"275",NA,"Título de Bachiller",6,7,38,7.2,0.774288,1.961712,"No"
"276",27,"Título de Bachiller",1,0,20,10.3,NA,1.68302,"Sí"
"277",26,"Título de Bachiller",2,6,24,13.6,1.576512,1.687488,"Sí"
"278",32,"No completó el bachillerato",14,0,36,2.4,0.273024,0.590976,"No"
"279",30,"No completó el bachillerato",0,11,17,3.7,0.44659,0.18241,"Sí"
"280",39,"No completó el bachillerato",13,1,38,8.9,NA,1.484698,"No"
"281",31,"No completó el bachillerato",11,6,28,4.8,0.345408,0.998592,"Sí"
"282",34,"No completó el bachillerato",15,2,NA,24.7,4.373382,5.259618,"Sí"
"283",31,"No completó el bachillerato",NA,3,41,12.6,0.134316,5.031684,"No"
"284",29,"Título de Bachiller",1,7,25,NA,0.5694,2.0306,"No"
"285",29,"No completó el bachillerato",9,NA,25,13.9,1.0703,2.4047,"No"
"286",35,"Título de Bachiller",9,16,30,7.6,0.6498,NA,"No"
"287",29,"No completó el bachillerato",11,7,32,6,0.92736,0.99264,"No"
"288",38,"Título de Bachiller",2,16,22,22.7,1.208548,3.785452,"Sí"
"289",35,"No completó el bachillerato",16,NA,NA,3.4,0.178704,1.045296,"No"
"290",29,"No completó el bachillerato",11,NA,36,6.1,NA,NA,"No"
"291",23,"Título de Bachiller",3,4,34,NA,0.2618,1.2342,"No"
"292",33,NA,9,NA,32,5.5,0.49632,1.26368,"No"
"293",51,"Título de Bachiller",NA,25,NA,NA,1.06848,3.38352,"No"
"294",24,NA,4,2,NA,2.6,0.099372,NA,"No"
"295",31,"No completó el bachillerato",10,12,49,9.8,3.236548,1.565452,"Sí"
"296",NA,"No completó el bachillerato",10,NA,52,5.4,0.932256,1.875744,"No"
"297",29,"No completó el bachillerato",3,NA,17,9,NA,1.06029,"No"
"298",34,"No completó el bachillerato",NA,10,20,17.1,2.04858,1.37142,"No"
"299",25,"Título de Bachiller",4,5,27,5,0.54945,0.80055,"Sí"
"300",37,"No completó el bachillerato",20,2,56,1.9,0.54264,0.52136,"No"
"301",47,"No completó el bachillerato",29,18,129,25.3,20.56131,12.07569,"Sí"
"302",NA,"Título de Bachiller",6,24,54,9.6,0.62208,4.56192,"No"
"303",47,NA,22,19,81,5.5,1.50579,2.94921,"No"
"304",24,"No completó el bachillerato",6,2,21,5.2,0.108108,0.983892,"No"
"305",27,"Superiores iniciados",5,1,75,6.3,2.206575,NA,"No"
"306",25,"No completó el bachillerato",9,NA,18,1.2,0.06588,0.15012,"No"
"307",36,"Superiores iniciados",11,12,NA,14.7,NA,6.021708,"No"
"308",39,"No completó el bachillerato",16,20,57,19.4,1.559178,9.498822,"No"
"309",26,"No completó el bachillerato",10,NA,25,7.1,1.3064,0.4686,"No"
"310",41,"No completó el bachillerato",4,19,25,NA,1.0605,1.4645,"No"
"311",39,"No completó el bachillerato",19,15,60,NA,9.5934,6.6666,"Sí"
"312",37,"No completó el bachillerato",18,8,54,12.1,4.593402,NA,"No"
"313",29,"No completó el bachillerato",2,0,NA,14.4,0.586656,1.429344,"Sí"
"314",42,"No completó el bachillerato",6,9,31,11.6,1.02486,2.57114,"No"
"315",31,"Título Superior",1,6,29,NA,1.065489,2.153511,"No"
"316",36,"No completó el bachillerato",4,15,17,17.3,0.520557,2.420443,"No"
"317",39,"No completó el bachillerato",16,4,52,20,4.16,6.24,"No"
"318",23,"Título Superior",0,2,23,6.7,0.468464,1.072536,"No"
"319",NA,"No completó el bachillerato",4,15,NA,7,0.39732,NA,"No"
"320",27,"Superiores iniciados",4,1,40,3.1,NA,0.95604,"Sí"
"321",24,"No completó el bachillerato",8,4,24,5,0.3816,0.8184,"No"
"322",27,"Superiores iniciados",3,4,NA,11,0.29205,4.65795,"Sí"
"323",41,"No completó el bachillerato",16,NA,49,1.6,0.4312,0.3528,"No"
"324",38,"No completó el bachillerato",0,8,23,8.1,0.897966,0.965034,"Sí"
"325",40,"Título de Bachiller",5,12,35,NA,1.58424,4.15576,"Sí"
"326",54,"No completó el bachillerato",25,12,120,26.5,14.5962,17.2038,"Sí"
"327",40,"No completó el bachillerato",12,NA,89,17.4,2.771994,NA,"No"
"328",40,"No completó el bachillerato",2,4,NA,3.7,0.853664,0.330336,"No"
"329",29,"No completó el bachillerato",1,8,31,8,0.15624,2.32376,"No"
"330",30,"No completó el bachillerato",8,6,23,12,0.76176,1.99824,"No"
"331",29,"No completó el bachillerato",1,1,18,1.1,0.029898,NA,"No"
"332",29,"Superiores iniciados",3,3,50,2.4,0.2592,0.9408,"Sí"
"333",28,"Título Superior",2,4,41,2.5,0.4592,0.5658,"Sí"
"334",28,"Título Superior",0,5,38,10.4,0.636272,3.315728,"No"
"335",39,"Título de Bachiller",16,9,NA,14.3,5.001711,7.725289,"No"
"336",32,"No completó el bachillerato",11,2,NA,3.3,0.089199,NA,"No"
"337",36,"Título de Bachiller",7,16,43,15.4,2.6488,3.9732,"No"
"338",NA,"No completó el bachillerato",20,12,39,8.2,0.773916,2.424084,"No"
"339",28,"Superiores iniciados",6,8,47,19.8,5.574294,3.731706,"Sí"
"340",NA,"No completó el bachillerato",NA,2,28,NA,0.43736,3.53864,"Sí"
"341",46,"No completó el bachillerato",6,19,NA,12.2,1.98555,1.79645,"No"
"342",NA,"Título de Bachiller",4,8,15,6.5,0.350025,0.624975,"No"
"343",39,"Título de Bachiller",15,19,32,4.9,0.421792,1.146208,"No"
"344",40,"Superiores iniciados",5,3,NA,16,8.1664,27.0336,"Sí"
"345",NA,"Título de Bachiller",18,4,NA,13.4,4.521696,5.394304,"No"
"346",30,NA,0,8,19,NA,0.624492,NA,"Sí"
"347",24,"Título de Bachiller",3,0,19,4.3,0.358663,0.458337,"No"
"348",32,"No completó el bachillerato",10,13,32,11.3,1.167968,2.448032,"No"
"349",29,"Título de Bachiller",NA,8,15,2.6,NA,0.24336,"No"
"350",40,NA,2,1,NA,3.8,0.277704,1.090296,"No"
"351",41,"Título de Bachiller",8,21,43,0.7,0.085785,0.215215,"No"
"352",22,"No completó el bachillerato",1,3,17,18.6,0.80631,2.35569,"No"
"353",38,"No completó el bachillerato",NA,8,34,1.2,0.036312,0.371688,"No"
"354",37,"Título de Bachiller",6,NA,62,8.5,1.18575,4.08425,"No"
"355",41,"Superiores iniciados",18,6,71,15.7,6.565583,4.581417,"Sí"
"356",41,"Superiores iniciados",7,NA,56,14.5,0.37352,7.74648,"Sí"
"357",39,NA,NA,15,22,23.1,1.915914,3.166086,"Sí"
"358",24,"Título de Bachiller",0,2,15,16.1,0.321195,2.093805,"Sí"
"359",32,"Superiores iniciados",9,10,51,23,2.68617,9.04383,"No"
"360",21,"Superiores iniciados",0,1,26,7.7,1.529528,0.472472,"No"
"361",29,"No completó el bachillerato",13,7,27,NA,0.068931,0.552069,"No"
"362",35,"Título de Bachiller",14,3,82,0.8,0.468384,0.187616,"No"
"363",29,"No completó el bachillerato",6,7,21,18.1,1.109892,2.691108,"No"
"364",41,"Título de Bachiller",2,22,30,NA,0.11256,1.89744,"No"
"365",37,"No completó el bachillerato",0,18,18,12.9,1.583604,0.738396,"Sí"
"366",32,"Título de Bachiller",3,13,47,NA,0.42864,0.46436,"No"
"367",36,"Título de Post-grado",NA,NA,20,8.1,0.729,0.891,"No"
"368",39,"Título de Bachiller",18,9,44,NA,0.367752,0.556248,"No"
"369",36,"No completó el bachillerato",NA,9,67,11.2,5.245296,NA,"No"
"370",46,"Superiores iniciados",22,NA,99,2.3,0.826551,1.450449,"No"
"371",34,"No completó el bachillerato",13,11,NA,9.6,1.875168,3.020832,"No"
"372",27,"No completó el bachillerato",NA,4,26,9.1,0.641186,1.724814,"No"
"373",43,"No completó el bachillerato",NA,11,45,3.3,0.67716,0.80784,"No"
"374",33,"No completó el bachillerato",NA,NA,72,41.3,15.01668,14.71932,"Sí"
"375",39,"Título de Bachiller",20,17,101,1.4,0.340774,1.073226,"No"
"376",29,"No completó el bachillerato",1,NA,17,2.5,0.13175,0.29325,"No"
"377",34,"Título Superior",7,15,40,6.4,0.94976,1.61024,"No"
"378",26,"No completó el bachillerato",1,0,21,4.9,0.608139,0.420861,"No"
"379",31,"No completó el bachillerato",15,2,60,4.8,0.80352,2.07648,"No"
"380",26,"No completó el bachillerato",10,6,24,2.7,0.31104,0.33696,"No"
"381",28,"No completó el bachillerato",12,NA,45,NA,1.853775,1.611225,"No"
"382",48,"No completó el bachillerato",13,20,50,30.8,6.1138,9.2862,"Sí"
"383",39,"Título de Bachiller",2,12,46,16,4.00384,3.35616,"Sí"
"384",37,"No completó el bachillerato",NA,3,NA,3.7,0.27565,0.64935,"No"
"385",52,"Título de Post-grado",NA,0,70,9.4,1.32916,NA,"Sí"
"386",48,"No completó el bachillerato",3,11,27,21.3,NA,NA,"No"
"387",26,"No completó el bachillerato",7,3,22,NA,0.208692,0.913308,"No"
"388",46,"Título de Post-grado",15,0,126,3.1,0.476532,3.429468,"No"
"389",31,"No completó el bachillerato",7,10,NA,4.9,0.2254,0.9016,"No"
"390",34,"No completó el bachillerato",13,8,56,6.1,0.864248,2.551752,"No"
"391",40,NA,22,4,95,3.6,0.6327,2.7873,"No"
"392",NA,"Superiores iniciados",NA,5,16,NA,0.270336,NA,"Sí"
"393",NA,"No completó el bachillerato",2,14,44,3.1,0.52514,0.83886,"No"
"394",53,"Título Superior",5,29,78,17.3,6.935916,6.558084,"Sí"
"395",47,"Superiores iniciados",9,1,52,20.1,NA,7.912164,"Sí"
"396",NA,NA,5,5,32,NA,0.17472,3.98528,"No"
"397",34,"No completó el bachillerato",14,8,28,17,1.13764,3.62236,"No"
"398",49,"No completó el bachillerato",11,5,39,10.1,2.457936,1.481064,"No"
"399",26,NA,0,7,28,9.3,1.270752,1.333248,"No"
"400",23,"No completó el bachillerato",2,2,16,9.6,0.804864,0.731136,"Sí"
"401",23,"Título de Bachiller",NA,4,21,8.7,0.454923,1.372077,"No"
"402",NA,"Título de Bachiller",4,13,56,1.6,0.441728,0.454272,"No"
"403",28,"Título de Bachiller",5,2,37,8.3,1.123986,1.947014,"No"
"404",NA,"Superiores iniciados",0,8,65,29.7,3.89961,15.40539,"Sí"
"405",NA,"No completó el bachillerato",18,10,34,15.4,2.099636,3.136364,"No"
"406",50,"Título de Bachiller",16,14,71,11.1,1.662891,6.218109,"No"
"407",29,"No completó el bachillerato",12,NA,40,6.7,1.63212,1.04788,"No"
"408",42,"Superiores iniciados",0,9,64,6.6,0.278784,3.945216,"No"
"409",31,"No completó el bachillerato",13,12,27,5,0.2376,1.1124,"No"
"410",39,NA,10,4,31,NA,0.184512,NA,"No"
"411",NA,"Título de Bachiller",21,26,132,3,2.55816,1.40184,"No"
"412",45,"No completó el bachillerato",22,24,91,11.7,1.256346,9.390654,"No"
"413",36,"No completó el bachillerato",14,17,53,5.7,1.888125,1.132875,"No"
"414",25,"Título Superior",0,6,24,12.1,1.5972,1.3068,"Sí"
"415",NA,NA,1,7,29,21.2,2.330092,3.817908,"Sí"
"416",30,"Título de Bachiller",8,4,56,6.4,0.333312,3.250688,"No"
"417",31,"No completó el bachillerato",1,1,24,4.5,0.21708,0.86292,"No"
"418",43,"No completó el bachillerato",4,2,29,4.6,0.05336,1.28064,"No"
"419",32,"Título de Bachiller",NA,4,57,23.8,5.439966,8.126034,"Sí"
"420",47,"No completó el bachillerato",19,7,50,NA,3.17555,NA,"No"
"421",46,"No completó el bachillerato",1,15,21,NA,1.376844,1.731156,"Sí"
"422",43,"Título de Bachiller",16,10,83,4.1,0.258628,3.144372,"No"
"423",48,NA,3,7,24,7,0.7644,0.9156,"No"
"424",30,"Superiores iniciados",8,7,61,2.8,0.549976,1.158024,"No"
"425",23,"Título Superior",0,4,32,18.4,0.818432,5.069568,"Sí"
"426",NA,"Título Superior",8,NA,32,1.6,0.024576,0.487424,"No"
"427",20,"Superiores iniciados",0,NA,17,2.3,0.043792,0.347208,"No"
"428",43,"No completó el bachillerato",16,7,89,0.4,0.159488,0.196512,"No"
"429",23,"No completó el bachillerato",NA,1,25,4.5,0.12375,1.00125,"Sí"
"430",41,"No completó el bachillerato",NA,2,76,20.5,NA,NA,"No"
"431",34,"No completó el bachillerato",12,5,68,25.1,7.817144,9.250856,"Sí"
"432",50,"No completó el bachillerato",11,5,36,4.8,0.834624,0.893376,"No"
"433",40,"No completó el bachillerato",9,4,64,6.6,0.789888,3.434112,"No"
"434",29,"Título de Bachiller",0,8,22,12.9,1.038708,1.799292,"Sí"
"435",39,NA,NA,NA,56,18.7,4.76476,5.70724,"No"
"436",24,"Título de Bachiller",1,2,42,5.7,0.8379,1.5561,"No"
"437",27,"No completó el bachillerato",0,5,16,1.1,0.130416,0.045584,"No"
"438",NA,"Superiores iniciados",18,14,157,6.6,3.326202,7.035798,"No"
"439",NA,"Título de Bachiller",NA,2,45,3.7,NA,0.68265,"No"
"440",39,"Título de Bachiller",16,12,53,3.7,0.694194,1.266806,"No"
"441",40,"No completó el bachillerato",22,1,100,14.6,5.402,9.198,"No"
"442",32,"No completó el bachillerato",10,11,42,9.1,1.540266,2.281734,"No"
"443",39,NA,23,NA,75,18.9,3.132675,11.042325,"No"
"444",24,"No completó el bachillerato",3,3,21,28.9,2.682498,3.386502,"Sí"
"445",43,"Título Superior",18,14,446,6.5,16.03147,12.95853,"Sí"
"446",56,"No completó el bachillerato",11,20,59,15,NA,4.1772,"No"
"447",32,"Superiores iniciados",5,9,23,4.5,0.326025,0.708975,"No"
"448",42,"No completó el bachillerato",7,12,25,10.2,1.62945,0.92055,"No"
"449",46,"Superiores iniciados",3,13,43,13.2,3.042336,2.633664,"Sí"
"450",31,"No completó el bachillerato",2,2,22,16.4,1.739056,NA,"Sí"
"451",43,"No completó el bachillerato",25,16,242,2.6,1.63592,4.65608,"No"
"452",28,"Título de Bachiller",6,9,22,11.5,0.65021,NA,"No"
"453",39,"Superiores iniciados",11,17,39,12.9,2.560779,2.470221,"No"
"454",39,"No completó el bachillerato",0,8,39,7.9,1.066026,2.014974,"No"
"455",NA,"Título Superior",1,14,33,16.1,2.693691,2.619309,"Sí"
"456",30,"No completó el bachillerato",0,11,17,12,0.30396,1.73604,"No"
"457",37,NA,9,16,177,5.9,0.887655,9.555345,"No"
"458",22,"No completó el bachillerato",4,3,14,17.5,0.2254,2.2246,"No"
"459",50,"No completó el bachillerato",1,26,26,14.3,1.851564,NA,"No"
"460",30,"No completó el bachillerato",NA,2,19,4.4,0.336072,0.499928,"No"
"461",39,"No completó el bachillerato",NA,0,NA,4,0.27636,NA,"No"
"462",21,"Título de Bachiller",0,2,21,12.5,0.48825,2.13675,"Sí"
"463",31,"Superiores iniciados",9,2,28,NA,0.121576,0.606424,"No"
"464",31,"Título de Bachiller",9,1,30,5.8,0.60204,NA,"No"
"465",48,"No completó el bachillerato",0,23,30,NA,2.66262,4.02738,"No"
"466",28,"No completó el bachillerato",4,1,NA,23.8,1.08528,2.72272,"No"
"467",47,"Superiores iniciados",NA,26,221,17.6,15.791776,23.104224,"Sí"
"468",27,"Título de Bachiller",6,1,34,4.4,0.237864,1.258136,"No"
"469",29,"Título de Bachiller",6,10,65,18.4,1.98536,9.97464,"No"
"470",21,"Título de Bachiller",2,0,20,4.5,0.2907,0.6093,"Sí"
"471",29,"No completó el bachillerato",7,5,20,19.8,1.00584,2.95416,"Sí"
"472",24,"Título Superior",0,3,29,6.6,0.589512,1.324488,"Sí"
"473",44,"No completó el bachillerato",NA,3,31,9.7,NA,NA,"No"
"474",22,"No completó el bachillerato",1,0,18,4.4,0.270072,0.521928,"No"
"475",38,"Título de Bachiller",13,0,59,2.4,0.407808,1.008192,"No"
"476",52,"Título de Bachiller",12,16,76,7.7,0.99484,4.85716,"No"
"477",NA,"No completó el bachillerato",3,2,18,16.3,0.35208,2.58192,"Sí"
"478",25,"No completó el bachillerato",5,5,22,NA,0.402864,1.995136,"No"
"479",51,"Título de Bachiller",27,21,166,11.5,NA,18.26913,"No"
"480",38,"No completó el bachillerato",21,16,NA,16.5,4.58403,4.98597,"No"
"481",NA,"No completó el bachillerato",9,20,33,5.2,0.545688,1.170312,"No"
"482",24,"Título de Bachiller",2,3,26,9.7,0.887744,1.634256,"Sí"
"483",NA,"No completó el bachillerato",5,3,NA,7.3,0.778107,1.630893,"No"
"484",25,"Título de Bachiller",6,2,NA,4.5,0.0702,1.0998,"No"
"485",45,"Superiores iniciados",5,17,94,10.5,3.61242,6.25758,"Sí"
"486",34,NA,4,10,25,5.8,0.56985,NA,"No"
"487",27,"Título Superior",2,8,23,5.7,0.319884,NA,"Sí"
"488",33,NA,10,13,57,20.9,6.111369,5.801631,"Sí"
"489",35,NA,0,16,22,15,1.9701,1.3299,"Sí"
"490",50,"Título de Bachiller",15,31,60,1.1,0.46794,0.19206,"No"
"491",33,"No completó el bachillerato",13,13,42,3.6,0.228312,1.283688,"No"
"492",41,"Superiores iniciados",13,13,NA,25.2,NA,20.615868,"Sí"
"493",28,NA,NA,2,28,33.3,2.28438,7.03962,"Sí"
"494",38,"Superiores iniciados",12,14,63,16,5.71536,4.36464,"Sí"
"495",25,NA,3,2,16,17.8,1.01104,1.83696,"Sí"
"496",47,"Título de Bachiller",4,NA,33,7.1,1.19493,1.14807,"Sí"
"497",30,"Título de Bachiller",NA,9,98,NA,2.935296,4.120704,"No"
"498",44,"Título de Bachiller",12,5,86,13,NA,9.70424,"No"
"499",25,NA,0,2,18,18.9,0.513702,2.888298,"Sí"
"500",41,NA,6,0,NA,19.5,4.51386,2.50614,"Sí"
"501",22,"Superiores iniciados",0,1,18,7.7,0.47817,0.90783,"No"
"502",35,"Título de Bachiller",3,NA,NA,17.2,1.80256,5.07744,"Sí"
"503",42,"Título de Post-grado",6,23,190,7.8,3.15666,11.66334,"No"
"504",38,"No completó el bachillerato",3,19,23,14.7,0.831726,2.549274,"No"
"505",23,"Título de Bachiller",1,3,18,18.7,0.885258,2.480742,"Sí"
"506",28,"Superiores iniciados",2,5,30,19.9,1.52235,4.44765,"No"
"507",52,"No completó el bachillerato",19,NA,89,4.7,0.397385,3.785615,"No"
"508",NA,"No completó el bachillerato",9,2,NA,3.5,0.105,0.595,"No"
"509",28,"Título de Bachiller",1,4,16,14.7,0.573888,1.778112,"No"
"510",43,"No completó el bachillerato",19,11,79,7.5,0.7821,5.1429,"No"
"511",24,NA,3,1,24,19.1,2.172816,2.411184,"No"
"512",34,NA,NA,7,52,9.2,1.497392,3.286608,"No"
"513",29,"Título de Bachiller",NA,9,25,NA,0.58485,0.46515,"No"
"514",NA,"No completó el bachillerato",6,9,21,8.3,0.728574,NA,"No"
"515",42,NA,14,1,48,8.6,1.201248,2.926752,"Sí"
"516",49,"Título de Bachiller",11,1,51,15,0.54315,7.10685,"No"
"517",NA,"No completó el bachillerato",22,9,73,14.3,3.726723,6.712277,"No"
"518",45,"Superiores iniciados",0,19,22,4.2,0.030492,0.893508,"No"
"519",41,"No completó el bachillerato",7,22,32,2.9,0.072384,0.855616,"No"
"520",29,"Título de Bachiller",9,0,NA,1.6,0.241408,0.494592,"No"
"521",35,"Superiores iniciados",7,5,38,15.1,1.382858,4.355142,"No"
"522",27,"Título de Bachiller",5,6,25,6.8,0.7055,0.9945,"No"
"523",28,"No completó el bachillerato",NA,7,19,4.1,NA,0.492328,"No"
"524",48,"No completó el bachillerato",17,22,66,3.2,1.46784,0.64416,"No"
"525",24,"No completó el bachillerato",2,5,18,6,0.52812,0.55188,"No"
"526",31,"No completó el bachillerato",NA,12,33,NA,0.14553,1.24047,"No"
"527",43,"No completó el bachillerato",10,9,69,6.4,0.410688,4.005312,"No"
"528",42,"No completó el bachillerato",3,10,24,10.6,0.666528,1.877472,"No"
"529",51,"Título de Bachiller",31,14,249,7.8,4.27284,NA,"No"
"530",22,"No completó el bachillerato",4,3,NA,NA,1.88727,NA,"Sí"
"531",NA,"No completó el bachillerato",6,10,31,11.7,1.701063,NA,"Sí"
"532",22,"Superiores iniciados",1,3,25,13.8,1.97685,1.47315,"Sí"
"533",49,"Título de Bachiller",2,13,20,16.9,0.37856,3.00144,"Sí"
"534",29,"No completó el bachillerato",9,8,NA,8.2,0.15498,2.30502,"No"
"535",42,"No completó el bachillerato",2,16,30,9.7,1.47246,NA,"No"
"536",34,"No completó el bachillerato",15,0,67,13.2,NA,5.102988,"No"
"537",34,NA,9,7,27,1.7,0.295137,0.163863,"No"
"538",32,"Título de Bachiller",5,5,NA,15,1.806,4.644,"Sí"
"539",42,"Título de Bachiller",18,23,66,NA,1.641024,NA,"No"
"540",24,"No completó el bachillerato",3,0,14,16.1,0.838488,1.415512,"Sí"
"541",NA,"No completó el bachillerato",16,9,48,7.6,1.473792,2.174208,"No"
"542",26,"No completó el bachillerato",10,2,32,4.7,0.126336,1.377664,"No"
"543",30,"Título de Bachiller",12,9,68,20.1,2.856612,10.811388,"No"
"544",32,NA,4,3,16,28.5,0.89376,NA,"Sí"
"545",38,"Superiores iniciados",13,18,25,5.7,0.343425,1.081575,"No"
"546",43,"Título de Bachiller",10,24,37,8.5,0.676175,2.468825,"No"
"547",31,"Título de Bachiller",9,8,53,13.5,1.194885,5.960115,"No"
"548",37,"Título Superior",10,18,123,17.3,3.021618,NA,"No"
"549",37,"Título de Bachiller",4,11,20,21.7,NA,4.1664,"Sí"
"550",41,"Superiores iniciados",12,11,86,26.5,4.99101,17.79899,"Sí"
"551",32,"No completó el bachillerato",0,4,NA,NA,0.2634,0.3366,"Sí"
"552",22,"Título de Bachiller",0,1,35,9,0.7812,2.3688,"Sí"
"553",32,"Título de Bachiller",12,3,63,18.2,5.549544,5.916456,"No"
"554",47,"Título de Bachiller",17,23,41,9.5,0.455715,3.439285,"No"
"555",40,"No completó el bachillerato",21,21,46,6.2,0.966828,1.885172,"No"
"556",31,"No completó el bachillerato",8,NA,22,6.7,0.369974,1.104026,"No"
"557",34,"Superiores iniciados",7,NA,NA,2.2,0.125334,0.468666,"No"
"558",52,"Título Superior",13,17,234,7.7,7.38738,10.63062,"No"
"559",28,"No completó el bachillerato",2,2,17,NA,NA,NA,"Sí"
"560",NA,"Superiores iniciados",15,18,63,13.4,5.090526,3.351474,"No"
"561",33,"Título de Bachiller",10,4,26,3.1,0.030628,0.775372,"No"
"562",39,"Título de Bachiller",9,12,32,6.6,1.429824,0.682176,"No"
"563",47,"Superiores iniciados",23,11,115,NA,0.6532,3.9468,"No"
"564",36,"Título de Bachiller",11,8,49,1.3,0.272636,0.364364,"No"
"565",29,"Superiores iniciados",7,2,84,13.6,6.91152,4.51248,"Sí"
"566",48,"Título Superior",14,10,59,16.5,NA,4.799355,"Sí"
"567",38,"Superiores iniciados",12,18,64,5.8,0.894592,2.817408,"No"
"568",46,"Título de Bachiller",9,26,15,4.3,0.014835,0.630165,"No"
"569",27,"Superiores iniciados",5,4,42,19.9,NA,5.650008,"Sí"
"570",54,"No completó el bachillerato",18,34,114,8.5,3.2946,NA,"No"
"571",27,"Título Superior",0,0,25,12.7,1.419225,1.755775,"Sí"
"572",23,NA,NA,0,17,1.6,0.011696,0.260304,"No"
"573",41,"No completó el bachillerato",23,2,91,13.7,0.573482,11.893518,"No"
"574",24,"No completó el bachillerato",3,5,15,NA,0.072885,1.622115,"Sí"
"575",28,"No completó el bachillerato",9,NA,22,27.7,5.283498,0.810502,"Sí"
"576",26,"No completó el bachillerato",0,0,14,10.5,0.25578,1.21422,"No"
"577",24,"No completó el bachillerato",8,0,NA,5.6,0.569296,0.382704,"Sí"
"578",49,"Título de Bachiller",22,4,79,7.3,0.28835,5.47865,"No"
"579",28,"Título de Bachiller",3,1,36,8.6,0.383904,2.712096,"No"
"580",38,"No completó el bachillerato",6,17,18,13,NA,2.20896,"No"
"581",33,"Título de Bachiller",NA,9,37,4.5,0.834165,0.830835,"No"
"582",26,"No completó el bachillerato",8,4,25,4.7,0.210325,0.964675,"No"
"583",36,"No completó el bachillerato",NA,1,40,9.8,1.97568,1.94432,"No"
"584",37,NA,16,14,50,36.6,7.32,10.98,"Sí"
"585",25,"Título Superior",0,1,18,33.4,2.801592,3.210408,"Sí"
"586",29,"No completó el bachillerato",9,2,33,4.8,0.693792,0.890208,"No"
"587",27,"Título de Bachiller",8,NA,38,6.9,0.364458,2.257542,"No"
"588",45,"No completó el bachillerato",17,NA,62,15,2.4366,6.8634,"No"
"589",37,"No completó el bachillerato",NA,NA,57,NA,NA,1.777545,"No"
"590",29,"Título de Bachiller",NA,6,26,6.1,0.537654,1.048346,"Sí"
"591",51,"No completó el bachillerato",10,1,44,13.2,4.960032,0.847968,"Sí"
"592",22,"Superiores iniciados",0,0,23,8.4,0.372876,1.559124,"Sí"
"593",30,"Título Superior",7,10,30,15.7,0.26376,4.44624,"No"
"594",NA,"No completó el bachillerato",7,2,20,NA,0.1107,2.3493,"No"
"595",28,"No completó el bachillerato",2,0,18,14.8,1.939392,0.724608,"Sí"
"596",35,"No completó el bachillerato",10,16,39,5.7,0.217854,2.005146,"No"
"597",25,"Título Superior",1,1,34,8.5,0.13294,2.75706,"Sí"
"598",32,"Título de Bachiller",5,0,28,14.8,2.594144,1.549856,"Sí"
"599",33,"No completó el bachillerato",2,10,24,9.6,1.041408,1.262592,"No"
"600",28,"Título de Bachiller",3,NA,41,25.1,5.896743,4.394257,"Sí"
"601",46,"Superiores iniciados",4,17,73,5.4,2.223288,1.718712,"No"
"602",41,NA,NA,12,83,14,6.58854,5.03146,"No"
"603",42,"Título de Bachiller",11,5,NA,6.8,2.869192,2.094808,"No"
"604",41,"Título Superior",NA,13,47,5,0.4371,1.9129,"No"
"605",26,"No completó el bachillerato",3,5,29,25.7,2.526567,4.926433,"Sí"
"606",47,"No completó el bachillerato",27,8,113,NA,NA,8.015316,"No"
"607",29,"No completó el bachillerato",1,3,18,25.6,1.98144,2.62656,"Sí"
"608",NA,"No completó el bachillerato",3,14,NA,4.7,0.624348,1.067652,"No"
"609",36,"No completó el bachillerato",7,2,43,NA,NA,1.62626,"No"
"610",38,"Título de Bachiller",7,4,64,3,0.65088,1.26912,"No"
"611",41,"Título de Bachiller",4,14,NA,19.2,1.47264,3.51936,"Sí"
"612",NA,"No completó el bachillerato",9,23,31,13.8,1.617084,NA,"No"
"613",40,NA,3,NA,55,16.5,1.751475,7.323525,"Sí"
"614",44,"Título de Bachiller",17,0,129,2.5,0.551475,2.673525,"No"
"615",35,"Superiores iniciados",10,15,39,10.4,1.60212,2.45388,"No"
"616",36,"No completó el bachillerato",20,15,60,5.4,1.05624,2.18376,"No"
"617",28,"Título de Bachiller",0,3,30,4.8,0.12096,1.31904,"Sí"
"618",29,"Título de Bachiller",NA,7,18,NA,0.44982,0.46818,"Sí"
"619",23,"Título de Bachiller",3,3,22,11.4,1.274064,1.233936,"Sí"
"620",41,"Título de Bachiller",7,17,63,15.4,4.637556,5.064444,"No"
"621",25,"No completó el bachillerato",1,1,19,6.9,0.190095,1.120905,"No"
"622",45,"Título de Bachiller",NA,19,29,5.4,0.443178,1.122822,"No"
"623",48,"Título de Bachiller",30,14,148,7.2,3.974688,6.681312,"No"
"624",NA,"No completó el bachillerato",NA,7,45,7,0.5355,2.6145,"No"
"625",NA,"No completó el bachillerato",6,4,46,5.4,1.169964,1.314036,"No"
"626",42,"Título Superior",15,8,186,3.6,2.403864,4.292136,"No"
"627",31,"No completó el bachillerato",11,12,NA,10.9,2.863757,2.259243,"No"
"628",NA,"No completó el bachillerato",3,13,23,6.9,0.409446,1.177554,"No"
"629",26,"No completó el bachillerato",2,6,21,19.8,1.022868,3.135132,"No"
"630",25,"No completó el bachillerato",6,6,22,20.2,2.261996,2.182004,"No"
"631",53,"Título Superior",7,11,NA,7.9,1.874591,2.944409,"No"
"632",50,"Superiores iniciados",18,27,102,14.1,NA,8.600436,"No"
"633",47,"No completó el bachillerato",31,9,136,NA,14.231448,17.184552,"Sí"
"634",23,"No completó el bachillerato",1,NA,21,8.4,1.210104,0.553896,"Sí"
"635",37,"Superiores iniciados",12,NA,83,4.1,0.319882,NA,"No"
"636",NA,NA,24,15,100,11.5,5.06,6.44,"No"
"637",28,"Título de Bachiller",0,7,29,13.3,2.148349,1.708651,"Sí"
"638",31,"No completó el bachillerato",NA,11,41,NA,2.995706,9.591294,"Sí"
"639",41,"Título de Bachiller",6,1,19,6.3,0.124488,1.072512,"No"
"640",36,"No completó el bachillerato",7,17,40,NA,1.69488,2.26512,"No"
"641",41,"No completó el bachillerato",1,16,19,4.4,0.241604,0.594396,"No"
"642",53,"Título de Bachiller",16,31,44,5.6,1.333024,1.130976,"No"
"643",NA,"Título de Bachiller",6,5,NA,11.5,2.331625,0.543375,"No"
"644",28,"Título de Bachiller",NA,6,25,2.9,0.338575,0.386425,"No"
"645",48,"No completó el bachillerato",28,25,70,12,NA,4.0656,"No"
"646",23,"Título de Bachiller",0,1,42,3.9,1.018836,0.619164,"Sí"
"647",31,"No completó el bachillerato",11,6,34,6.8,0.298248,2.013752,"No"
"648",27,"No completó el bachillerato",6,6,43,4.9,0.882833,1.224167,"No"
"649",NA,"No completó el bachillerato",11,17,37,1.3,0.179894,0.301106,"No"
"650",29,"Título de Bachiller",5,7,28,18.7,2.125816,3.110184,"No"
"651",53,"No completó el bachillerato",6,7,NA,6.4,0.594432,1.133568,"Sí"
"652",38,"No completó el bachillerato",4,9,19,13.6,1.245488,1.338512,"No"
"653",30,"No completó el bachillerato",12,10,NA,8.5,0.17119,3.05881,"No"
"654",28,"Superiores iniciados",2,0,20,9.4,0.23312,1.64688,"Sí"
"655",36,"No completó el bachillerato",NA,2,33,32.5,1.26555,9.45945,"No"
"656",48,"No completó el bachillerato",NA,5,60,2.1,0.3213,0.9387,"No"
"657",31,"No completó el bachillerato",12,9,24,6.6,0.441936,1.142064,"No"
"658",35,"No completó el bachillerato",16,10,57,10.5,1.143135,4.841865,"No"
"659",50,"No completó el bachillerato",NA,4,23,12.5,NA,2.734125,"No"
"660",42,NA,12,9,55,15,2.53275,5.71725,"No"
"661",40,"No completó el bachillerato",2,3,28,7.1,0.184884,1.803116,"No"
"662",37,"Título de Bachiller",0,13,31,NA,0.118017,0.160983,"Sí"
"663",31,"Superiores iniciados",NA,8,54,2.8,0.402192,1.109808,"No"
"664",38,"No completó el bachillerato",11,13,35,NA,1.2656,1.5344,"No"
"665",35,"No completó el bachillerato",15,NA,77,NA,5.501188,NA,"No"
"666",44,"No completó el bachillerato",24,10,101,5.6,2.992024,2.663976,"No"
"667",44,"Título de Bachiller",21,NA,113,13.2,3.192024,11.723976,"No"
"668",33,"No completó el bachillerato",0,12,23,0.9,0.077418,0.129582,"No"
"669",35,"No completó el bachillerato",NA,14,29,4.9,0.264306,1.156694,"No"
"670",36,"Superiores iniciados",NA,4,43,13,0.96148,4.62852,"No"
"671",23,"Título de Bachiller",3,4,24,6.3,NA,0.96012,"No"
"672",27,"No completó el bachillerato",0,7,18,12.8,0.582912,1.721088,"No"
"673",34,"No completó el bachillerato",6,1,NA,1.2,0.04248,0.19752,"No"
"674",35,NA,0,5,34,11.1,1.369962,2.404038,"Sí"
"675",24,"Título de Bachiller",4,4,20,3.7,0.32412,0.41588,"No"
"676",NA,"No completó el bachillerato",30,8,101,6.4,1.87456,4.58944,"No"
"677",NA,"Título de Bachiller",8,1,40,NA,0.44368,4.27632,"No"
"678",40,"No completó el bachillerato",6,9,36,2.1,0.390852,0.365148,"Sí"
"679",34,"No completó el bachillerato",9,8,48,9.3,0.419616,4.044384,"No"
"680",NA,"No completó el bachillerato",17,4,42,3,0.09324,1.16676,"No"
"681",30,"No completó el bachillerato",7,NA,33,25.4,NA,NA,"Sí"
"682",20,"No completó el bachillerato",4,0,14,9.7,0.200984,1.157016,"Sí"
"683",36,NA,NA,17,30,11.5,0.3243,3.1257,"No"
"684",21,"No completó el bachillerato",1,1,16,6.3,0.14112,0.86688,"No"
"685",34,"No completó el bachillerato",18,10,53,10.5,0.840315,NA,"No"
"686",35,"No completó el bachillerato",7,5,39,16.1,1.701609,4.577391,"Sí"
"687",35,"Superiores iniciados",1,4,20,7.9,0.8532,0.7268,"No"
"688",34,"No completó el bachillerato",10,1,33,10.3,2.501664,NA,"Sí"
"689",33,"No completó el bachillerato",12,12,68,10.8,1.365984,5.978016,"No"
"690",NA,"No completó el bachillerato",4,2,18,10.7,0.227268,1.698732,"No"
"691",24,"Título de Bachiller",0,5,16,7.3,NA,1.143472,"No"
"692",47,"No completó el bachillerato",31,8,253,7.2,9.308376,8.907624,"No"
"693",NA,"No completó el bachillerato",0,26,27,28.9,2.754459,5.048541,"Sí"
"694",22,"Superiores iniciados",0,2,20,4.7,0.21902,0.72098,"No"
"695",48,"Título de Bachiller",NA,1,66,12.1,2.31594,5.67006,"No"
"696",36,"Título de Bachiller",6,15,27,4.6,0.262062,0.979938,"Sí"
"697",29,"Título de Bachiller",6,4,21,11.5,0.369495,2.045505,"No"
"698",33,"No completó el bachillerato",15,3,32,7.6,NA,1.940736,"No"
"699",45,"No completó el bachillerato",NA,22,NA,8.4,2.302608,NA,"No"
"700",37,NA,NA,14,44,14.7,2.994684,3.473316,"No"
